timestamp,status,series,product_code,product_id,image_url,notes
2026-05-11T14:34:38.060Z,NO_IMAGE,EKS/EKM36-S,EKS36-2KF0A0S09,p455745,,SICK API khong co image URL
2026-05-11T14:34:40.050Z,NO_IMAGE,EKS/EKM36-S,EKM36-2KF0A0S10,p456245,,SICK API khong co image URL
2026-05-11T14:34:49.540Z,NO_IMAGE,EKS/EKM36-S,EKS36-2KF0A0S10,p456045,,SICK API khong co image URL
2026-05-11T14:35:09.817Z,NO_IMAGE,EKS/EKM36-S,EKM36-2KF0B0S06,p650900,,SICK API khong co image URL
2026-05-11T14:35:18.301Z,NO_IMAGE,EKS/EKM36-S,EKM36-2KF0A0S09,p456044,,SICK API khong co image URL
2026-05-11T14:35:20.218Z,NO_IMAGE,EKS/EKM36-S,EKS36-2KF0B0S06,p650893,,SICK API khong co image URL
2026-05-11T16:08:47.105Z,DOWNLOAD_FAIL,AFS/AFM60S Pro,AFS60S-SEKI262144,p549266,https://cdn.sick.com/media/pim/0/50/550/IM0090550.png,downloadAndWatermark khong tao file
2026-05-11T16:28:02.984Z,DOWNLOAD_FAIL,AFS/AFM60S Pro,AFS60S-S4KB262144,p549118,https://cdn.sick.com/media/pim/9/49/549/IM0090549.png,downloadAndWatermark khong tao file
2026-05-11T16:52:21.403Z,NO_IMAGE,DFS60S Pro,DFS60S-BDOA00S01,p570944,,SICK API khong co image URL
2026-05-11T16:54:21.454Z,NO_IMAGE,DFS60S Pro,DFS60S-BDOC00S01,p655938,,SICK API khong co image URL
2026-05-11T17:45:19.604Z,DOWNLOAD_FAIL,M2000 Cascadable,M20S-03140A220_M20E-03140A221,p36607,https://cdn.sick.com/media/pim/2/82/882/IM0040882.png,downloadAndWatermark khong tao file
2026-05-11T18:45:27.095Z,NO_IMAGE,deTec,C4P-SA18010A00,p415756,,SICK API khong co image URL
2026-05-11T18:45:28.635Z,NO_IMAGE,deTec,C4P-SA15010A001100,p415572,,SICK API khong co image URL
2026-05-11T18:45:40.628Z,NO_IMAGE,deTec,C4P-SA09030A001000,p415555,,SICK API khong co image URL
2026-05-11T18:45:49.988Z,NO_IMAGE,deTec,C4P-SA16530A001100_C4P-EA16530A001100,p415950,,SICK API khong co image URL
2026-05-11T18:46:00.141Z,NO_IMAGE,deTec,C4P-SA19530A001000,p415562,,SICK API khong co image URL
2026-05-11T18:46:10.712Z,NO_IMAGE,deTec,C4P-SA12030A001000,p415557,,SICK API khong co image URL
2026-05-11T18:46:11.975Z,NO_IMAGE,deTec,C4P-SA07530A001100,p415580,,SICK API khong co image URL
2026-05-11T18:46:14.424Z,NO_IMAGE,deTec,C4P-PA09030A001300,p595806,,SICK API khong co image URL
2026-05-11T18:46:16.203Z,NO_IMAGE,deTec,C4P-PA12030A001300,p595808,,SICK API khong co image URL
2026-05-11T18:46:17.515Z,NO_IMAGE,deTec,C4P-SA03010A00,p415746,,SICK API khong co image URL
2026-05-11T18:46:21.293Z,NO_IMAGE,deTec,C4P-SA06030A00,p415761,,SICK API khong co image URL
2026-05-11T18:46:29.259Z,NO_IMAGE,deTec,C4P-SA19510A001300_C4P-EA19510A001300,p415991,,SICK API khong co image URL
2026-05-11T18:46:32.680Z,NO_IMAGE,deTec,C4P-SA07530A001000,p415554,,SICK API khong co image URL
2026-05-11T18:46:44.003Z,NO_IMAGE,deTec,C4P-SA12010A001300,p415622,,SICK API khong co image URL
2026-05-11T18:46:48.500Z,NO_IMAGE,deTec,C4P-PA07530A001300,p595805,,SICK API khong co image URL
2026-05-11T18:46:50.028Z,NO_IMAGE,deTec,C4P-SA19530A001200,p415614,,SICK API khong co image URL
2026-05-11T18:46:51.924Z,NO_IMAGE,deTec,C4P-PA06010A001100,p595726,,SICK API khong co image URL
2026-05-11T18:46:54.978Z,NO_IMAGE,deTec,C4P-SA03010A001300,p415616,,SICK API khong co image URL
2026-05-11T18:47:03.075Z,NO_IMAGE,deTec,C4P-SA03030A001100,p415577,,SICK API khong co image URL
2026-05-11T18:47:05.757Z,NO_IMAGE,deTec,C4P-PA10530A001300,p595807,,SICK API khong co image URL
2026-05-11T18:47:09.989Z,NO_IMAGE,deTec,C4P-SA07510A00,p415749,,SICK API khong co image URL
2026-05-11T18:47:11.552Z,NO_IMAGE,deTec,C4P-SA09030A001100,p415581,,SICK API khong co image URL
2026-05-11T18:47:14.667Z,NO_IMAGE,deTec,C4P-SA19510A001300,p415627,,SICK API khong co image URL
2026-05-11T18:47:15.810Z,NO_IMAGE,deTec,C4P-SA12010A00,p415752,,SICK API khong co image URL
2026-05-11T18:47:17.046Z,NO_IMAGE,deTec,C4P-SA07530A001200,p415606,,SICK API khong co image URL
2026-05-11T18:47:22.581Z,NO_IMAGE,deTec,C4P-SA03010A001300_C4P-EA03010A001300,p415980,,SICK API khong co image URL
2026-05-11T18:47:23.746Z,NO_IMAGE,deTec,C4P-SA04530A00,p415760,,SICK API khong co image URL
2026-05-11T18:47:30.764Z,NO_IMAGE,deTec,C4P-SA13510A001100,p415571,,SICK API khong co image URL
2026-05-11T18:47:34.788Z,NO_IMAGE,deTec,C4P-SA03010A001200,p415590,,SICK API khong co image URL
2026-05-11T18:47:39.096Z,NO_IMAGE,deTec,C4P-SA16510A001300_C4P-EA16510A001300,p415989,,SICK API khong co image URL
2026-05-11T18:47:42.355Z,NO_IMAGE,deTec,C4P-SA16530A001200,p415612,,SICK API khong co image URL
2026-05-11T18:47:44.453Z,NO_IMAGE,deTec,C4P-SA21010A001100_C4P-EA21010A001100,p415940,,SICK API khong co image URL
2026-05-11T18:47:54.472Z,NO_IMAGE,deTec,C4P-PA13530A001300,p595809,,SICK API khong co image URL
2026-05-11T18:47:56.447Z,NO_IMAGE,deTec,C4P-PA19510A001100,p595735,,SICK API khong co image URL
2026-05-11T18:47:58.456Z,NO_IMAGE,deTec,C4P-SA13530A001100_C4P-EA13530A001100,p415948,,SICK API khong co image URL
2026-05-11T18:48:06.756Z,NO_IMAGE,deTec,C4P-PA10510A001100,p595729,,SICK API khong co image URL
2026-05-11T18:48:16.924Z,NO_IMAGE,deTec,C4P-SA18030A001100_C4P-EA18030A001100,p415951,,SICK API khong co image URL
2026-05-11T18:48:27.196Z,NO_IMAGE,deTec,C4P-SA04510A001300,p415617,,SICK API khong co image URL
2026-05-11T18:48:32.010Z,NO_IMAGE,deTec,C4P-SA03030A001300_C4P-EA03030A001300,p415993,,SICK API khong co image URL
2026-05-11T18:48:37.573Z,NO_IMAGE,deTec,C4P-SA15010A001300_C4P-EA15010A001300,p415988,,SICK API khong co image URL
2026-05-11T18:48:42.533Z,NO_IMAGE,deTec,C4P-SA15030A001300_C4P-EA15030A001300,p416001,,SICK API khong co image URL
2026-05-11T18:48:52.532Z,NO_IMAGE,deTec,C4P-PA15030A001100,p595784,,SICK API khong co image URL
2026-05-11T18:48:54.742Z,NO_IMAGE,deTec,C4P-SA10510A00,p415751,,SICK API khong co image URL
2026-05-11T18:48:56.915Z,NO_IMAGE,deTec,C4P-SA09010A001000,p415542,,SICK API khong co image URL
2026-05-11T18:48:59.264Z,NO_IMAGE,deTec,C4P-SA09010A001300,p415620,,SICK API khong co image URL
2026-05-11T18:49:08.805Z,NO_IMAGE,deTec,C4P-SA10530A001100,p415582,,SICK API khong co image URL
2026-05-11T18:49:13.108Z,NO_IMAGE,deTec,C4P-PA03010A001300,p595750,,SICK API khong co image URL
2026-05-11T18:49:17.959Z,NO_IMAGE,deTec,C4P-PA21030A001300,p595814,,SICK API khong co image URL
2026-05-11T18:49:42.409Z,NO_IMAGE,deTec,C4P-SA12010A001100_C4P-EA12010A001100,p415934,,SICK API khong co image URL
2026-05-11T18:49:44.852Z,NO_IMAGE,deTec,C4P-SA09030A001200,p415607,,SICK API khong co image URL
2026-05-11T18:49:46.725Z,NO_IMAGE,deTec,C4P-SA21010A00,p415758,,SICK API khong co image URL
2026-05-11T18:49:54.649Z,NO_IMAGE,deTec,C4P-SA13530A001300,p415636,,SICK API khong co image URL
2026-05-11T18:49:59.598Z,NO_IMAGE,deTec,C4P-SA18030A001000,p415561,,SICK API khong co image URL
2026-05-11T18:50:04.788Z,NO_IMAGE,deTec,C4P-SA18010A001100_C4P-EA18010A001100,p415938,,SICK API khong co image URL
2026-05-11T18:50:12.815Z,NO_IMAGE,deTec,C4P-SA18010A001300,p415626,,SICK API khong co image URL
2026-05-11T18:50:24.244Z,NO_IMAGE,deTec,C4P-SA21030A001300,p415641,,SICK API khong co image URL
2026-05-11T18:50:44.560Z,NO_IMAGE,deTec,C4P-PA09010A001300,p595754,,SICK API khong co image URL
2026-05-11T18:50:52.340Z,NO_IMAGE,deTec,C4P-SA15030A001100,p415585,,SICK API khong co image URL
2026-05-11T18:50:54.358Z,NO_IMAGE,deTec,C4P-SA13530A001200,p415610,,SICK API khong co image URL
2026-05-11T18:50:59.767Z,NO_IMAGE,deTec,C4P-SA06030A001300_C4P-EA06030A001300,p415995,,SICK API khong co image URL
2026-05-11T18:51:01.915Z,NO_IMAGE,deTec,C4P-SA10510A001100_C4P-EA10510A001100,p415933,,SICK API khong co image URL
2026-05-11T18:51:03.897Z,NO_IMAGE,deTec,C4P-SA07510A001300,p415619,,SICK API khong co image URL
2026-05-11T18:51:05.840Z,NO_IMAGE,deTec,C4P-SA15030A001300,p415637,,SICK API khong co image URL
2026-05-11T18:51:12.632Z,NO_IMAGE,deTec,C4P-SA18030A00,p415769,,SICK API khong co image URL
2026-05-11T18:51:17.348Z,NO_IMAGE,deTec,C4P-PA04510A001100,p595725,,SICK API khong co image URL
2026-05-11T18:51:19.387Z,NO_IMAGE,deTec,C4P-SA19510A001100,p415575,,SICK API khong co image URL
2026-05-11T18:51:21.573Z,NO_IMAGE,deTec,C4P-SA13530A00,p415766,,SICK API khong co image URL
2026-05-11T18:51:23.409Z,NO_IMAGE,deTec,C4P-PA13510A001100,p595731,,SICK API khong co image URL
2026-05-11T18:51:25.602Z,NO_IMAGE,deTec,C4P-SA09030A00,p415763,,SICK API khong co image URL
2026-05-11T18:51:27.379Z,NO_IMAGE,deTec,C4P-SA06010A001200,p415592,,SICK API khong co image URL
2026-05-11T18:51:29.582Z,NO_IMAGE,deTec,C4P-PA15010A001300,p595758,,SICK API khong co image URL
2026-05-11T18:51:37.232Z,NO_IMAGE,deTec,C4P-SA12030A001100_C4P-EA12030A001100,p415947,,SICK API khong co image URL
2026-05-11T18:51:45.644Z,NO_IMAGE,deTec,C4P-SA13530A001000,p415558,,SICK API khong co image URL
2026-05-11T18:51:47.666Z,NO_IMAGE,deTec,C4P-SA04530A001100,p415578,,SICK API khong co image URL
2026-05-11T18:51:49.670Z,NO_IMAGE,deTec,C4P-SA09010A001100_C4P-EA09010A001100,p415932,,SICK API khong co image URL
2026-05-11T18:51:51.805Z,NO_IMAGE,deTec,C4P-SA03030A001000,p415551,,SICK API khong co image URL
2026-05-11T18:51:55.931Z,NO_IMAGE,deTec,C4P-SA18030A001200,p415613,,SICK API khong co image URL
2026-05-11T18:51:57.887Z,NO_IMAGE,deTec,C4P-SA15010A001300,p415624,,SICK API khong co image URL
2026-05-11T18:51:59.648Z,NO_IMAGE,deTec,C4P-SA21010A001100,p415576,,SICK API khong co image URL
2026-05-11T18:52:10.312Z,NO_IMAGE,deTec,C4P-SA21010A001200,p415602,,SICK API khong co image URL
2026-05-11T18:52:15.308Z,NO_IMAGE,deTec,C4P-PA12010A001100,p595730,,SICK API khong co image URL
2026-05-11T18:52:23.168Z,NO_IMAGE,deTec,C4P-SA04510A001000,p415539,,SICK API khong co image URL
2026-05-11T18:52:25.360Z,NO_IMAGE,deTec,C4P-SA12030A001300_C4P-EA12030A001300,p415999,,SICK API khong co image URL
2026-05-11T18:52:27.262Z,NO_IMAGE,deTec,C4P-SA12010A001300_C4P-EA12010A001300,p415986,,SICK API khong co image URL
2026-05-11T18:52:29.753Z,NO_IMAGE,deTec,C4P-SA06030A001200,p415605,,SICK API khong co image URL
2026-05-11T18:52:31.657Z,NO_IMAGE,deTec,C4P-SA10530A001100_C4P-EA10530A001100,p415946,,SICK API khong co image URL
2026-05-11T18:52:47.216Z,NO_IMAGE,deTec,C4P-SA04510A00,p415747,,SICK API khong co image URL
2026-05-11T18:52:49.647Z,NO_IMAGE,deTec,C4P-SA07510A001300_C4P-EA07510A001300,p415983,,SICK API khong co image URL
2026-05-11T18:52:56.981Z,NO_IMAGE,deTec,C4P-SA15010A001000,p415546,,SICK API khong co image URL
2026-05-11T18:52:59.401Z,NO_IMAGE,deTec,C4P-SA21010A001000,p415550,,SICK API khong co image URL
2026-05-11T18:53:02.075Z,NO_IMAGE,deTec,C4P-SA03010A001100,p415564,,SICK API khong co image URL
2026-05-11T18:53:12.738Z,NO_IMAGE,deTec,C4P-SA04530A001100_C4P-EA04530A001100,p415942,,SICK API khong co image URL
2026-05-11T18:53:14.402Z,NO_IMAGE,deTec,C4P-SA16510A001100,p415573,,SICK API khong co image URL
2026-05-11T18:53:18.583Z,NO_IMAGE,deTec,C4P-SA07510A001100,p415567,,SICK API khong co image URL
2026-05-11T18:53:20.585Z,NO_IMAGE,deTec,C4P-SA13530A001300_C4P-EA13530A001300,p416000,,SICK API khong co image URL
2026-05-11T18:53:22.585Z,NO_IMAGE,deTec,C4P-SA19510A001200,p415601,,SICK API khong co image URL
2026-05-11T18:53:24.754Z,NO_IMAGE,deTec,C4P-SA19530A001100,p415588,,SICK API khong co image URL
2026-05-11T18:53:26.826Z,NO_IMAGE,deTec,C4P-SA10510A001200,p415595,,SICK API khong co image URL
2026-05-11T18:53:35.608Z,NO_IMAGE,deTec,C4P-SA09030A001300_C4P-EA09030A001300,p415997,,SICK API khong co image URL
2026-05-11T18:53:42.373Z,NO_IMAGE,deTec,C4P-SA12030A00,p415765,,SICK API khong co image URL
2026-05-11T18:53:47.416Z,NO_IMAGE,deTec,C4P-SA06010A00,p415748,,SICK API khong co image URL
2026-05-11T18:53:49.591Z,NO_IMAGE,deTec,C4P-SA18010A001300_C4P-EA18010A001300,p415990,,SICK API khong co image URL
2026-05-11T18:53:54.181Z,NO_IMAGE,deTec,C4P-SA21030A001300_C4P-EA21030A001300,p416005,,SICK API khong co image URL
2026-05-11T18:53:56.176Z,NO_IMAGE,deTec,C4P-SA04530A001300_C4P-EA04530A001300,p415994,,SICK API khong co image URL
2026-05-11T18:53:58.261Z,NO_IMAGE,deTec,C4P-SA06010A001100_C4P-EA06010A001100,p415930,,SICK API khong co image URL
2026-05-11T18:54:03.337Z,NO_IMAGE,deTec,C4P-SA09010A00,p415750,,SICK API khong co image URL
2026-05-11T18:54:11.967Z,NO_IMAGE,deTec,C4P-SA04510A001100,p415565,,SICK API khong co image URL
2026-05-11T18:54:19.714Z,NO_IMAGE,deTec,C4P-SA19530A001100_C4P-EA19530A001100,p415952,,SICK API khong co image URL
2026-05-11T18:54:21.711Z,NO_IMAGE,deTec,C4P-SA10510A001000,p415543,,SICK API khong co image URL
2026-05-11T18:54:29.313Z,NO_IMAGE,deTec,C4P-SA12010A001100,p415570,,SICK API khong co image URL
2026-05-11T18:54:31.062Z,NO_IMAGE,deTec,C4P-SA13510A001200,p415597,,SICK API khong co image URL
2026-05-11T18:54:41.698Z,NO_IMAGE,deTec,C4P-PA16530A001100,p595785,,SICK API khong co image URL
2026-05-11T18:54:46.493Z,NO_IMAGE,deTec,C4P-PA21010A001300,p595762,,SICK API khong co image URL
2026-05-11T18:54:51.930Z,NO_IMAGE,deTec,C4P-SA07530A001300,p415632,,SICK API khong co image URL
2026-05-11T18:54:53.583Z,NO_IMAGE,deTec,C4P-SA12030A001100,p415583,,SICK API khong co image URL
2026-05-11T18:55:11.156Z,NO_IMAGE,deTec,C4P-SA07530A00,p415762,,SICK API khong co image URL
2026-05-11T18:55:16.364Z,NO_IMAGE,deTec,C4P-PA04510A001300,p595751,,SICK API khong co image URL
2026-05-11T18:55:19.009Z,NO_IMAGE,deTec,C4P-SA06030A001100,p415579,,SICK API khong co image URL
2026-05-11T18:55:24.081Z,NO_IMAGE,deTec,C4P-SA16530A00,p415768,,SICK API khong co image URL
2026-05-11T18:55:25.737Z,NO_IMAGE,deTec,C4P-SA03030A001300,p415629,,SICK API khong co image URL
2026-05-11T18:55:34.019Z,NO_IMAGE,deTec,C4P-SA06010A001000,p415540,,SICK API khong co image URL
2026-05-11T18:55:36.522Z,NO_IMAGE,deTec,C4P-SA18030A001300,p415639,,SICK API khong co image URL
2026-05-11T18:55:38.686Z,NO_IMAGE,deTec,C4P-PA15010A001100,p595732,,SICK API khong co image URL
2026-05-11T18:56:02.799Z,NO_IMAGE,deTec,C4P-PA07510A001300,p595753,,SICK API khong co image URL
2026-05-11T18:56:04.608Z,NO_IMAGE,deTec,C4P-PA18030A001300,p595812,,SICK API khong co image URL
2026-05-11T18:56:06.490Z,NO_IMAGE,deTec,C4P-PA03030A001100,p595776,,SICK API khong co image URL
2026-05-11T18:56:11.340Z,NO_IMAGE,deTec,C4P-SA03030A001200,p415603,,SICK API khong co image URL
2026-05-11T18:56:13.532Z,NO_IMAGE,deTec,C4P-SA18030A001300_C4P-EA18030A001300,p416003,,SICK API khong co image URL
2026-05-11T18:56:18.069Z,NO_IMAGE,deTec,C4P-SA06030A001000,p415553,,SICK API khong co image URL
2026-05-11T18:56:23.054Z,NO_IMAGE,deTec,C4P-PA03010A001100,p595724,,SICK API khong co image URL
2026-05-11T18:56:24.798Z,NO_IMAGE,deTec,C4P-PA07510A001100,p595727,,SICK API khong co image URL
2026-05-11T18:56:29.338Z,NO_IMAGE,deTec,C4P-SA21010A001300,p415628,,SICK API khong co image URL
2026-05-11T18:56:31.192Z,NO_IMAGE,deTec,C4P-SA16510A001300,p415625,,SICK API khong co image URL
2026-05-11T18:56:38.561Z,NO_IMAGE,deTec,C4P-SA09030A001300,p415633,,SICK API khong co image URL
2026-05-11T18:56:40.817Z,NO_IMAGE,deTec,C4P-SA04510A001200,p415591,,SICK API khong co image URL
2026-05-11T18:56:45.635Z,NO_IMAGE,deTec,C4P-PA09010A001100,p595728,,SICK API khong co image URL
2026-05-11T18:56:47.383Z,NO_IMAGE,deTec,C4P-SA19510A00,p415757,,SICK API khong co image URL
2026-05-11T18:56:52.209Z,NO_IMAGE,deTec,C4P-SA07510A001000,p415541,,SICK API khong co image URL
2026-05-11T18:56:54.521Z,NO_IMAGE,deTec,C4P-SA10530A001300_C4P-EA10530A001300,p415998,,SICK API khong co image URL
2026-05-11T18:57:11.503Z,NO_IMAGE,deTec,C4P-PA19510A001300,p595761,,SICK API khong co image URL
2026-05-11T18:57:13.455Z,NO_IMAGE,deTec,C4P-SA21030A001100,p415589,,SICK API khong co image URL
2026-05-11T18:57:21.092Z,NO_IMAGE,deTec,C4P-SA18010A001100,p415574,,SICK API khong co image URL
2026-05-11T18:57:23.071Z,NO_IMAGE,deTec,C4P-SA21030A001000,p415563,,SICK API khong co image URL
2026-05-11T18:57:28.103Z,NO_IMAGE,deTec,C4P-SA10530A00,p415764,,SICK API khong co image URL
2026-05-11T18:57:58.839Z,NO_IMAGE,deTec,C4P-PA19530A001300,p595813,,SICK API khong co image URL
2026-05-11T18:58:04.247Z,NO_IMAGE,deTec,C4P-SA06030A001300,p415631,,SICK API khong co image URL
2026-05-11T18:58:12.173Z,NO_IMAGE,deTec,C4P-PA12010A001300,p595756,,SICK API khong co image URL
2026-05-11T18:58:16.957Z,NO_IMAGE,deTec,C4P-SA15010A00,p415754,,SICK API khong co image URL
2026-05-11T18:58:24.585Z,NO_IMAGE,deTec,C4P-SA13510A001100_C4P-EA13510A001100,p415935,,SICK API khong co image URL
2026-05-11T18:58:35.367Z,NO_IMAGE,deTec,C4P-SA10530A001000,p415556,,SICK API khong co image URL
2026-05-11T18:58:42.726Z,NO_IMAGE,deTec,C4P-SA12030A001200,p415609,,SICK API khong co image URL
2026-05-11T18:58:46.943Z,NO_IMAGE,deTec,C4P-SA21030A001100_C4P-EA21030A001100,p415953,,SICK API khong co image URL
2026-05-11T18:58:48.650Z,NO_IMAGE,deTec,C4P-PA13510A001300,p595757,,SICK API khong co image URL
2026-05-11T18:58:53.063Z,NO_IMAGE,deTec,C4P-SA06030A001100_C4P-EA06030A001100,p415943,,SICK API khong co image URL
2026-05-11T18:58:57.543Z,NO_IMAGE,deTec,C4P-SA10510A001300_C4P-EA10510A001300,p415985,,SICK API khong co image URL
2026-05-11T18:59:05.223Z,NO_IMAGE,deTec,C4P-SA06010A001100,p415566,,SICK API khong co image URL
2026-05-11T18:59:18.523Z,NO_IMAGE,deTec,C4P-SA21030A00,p415771,,SICK API khong co image URL
2026-05-11T18:59:20.129Z,NO_IMAGE,deTec,C4P-SA10510A001100,p415569,,SICK API khong co image URL
2026-05-11T18:59:27.851Z,NO_IMAGE,deTec,C4P-SA06010A001300_C4P-EA06010A001300,p415982,,SICK API khong co image URL
2026-05-11T18:59:29.761Z,NO_IMAGE,deTec,C4P-SA10530A001300,p415634,,SICK API khong co image URL
2026-05-11T18:59:39.825Z,NO_IMAGE,deTec,C4P-SA12010A001200,p415596,,SICK API khong co image URL
2026-05-11T18:59:41.987Z,NO_IMAGE,deTec,C4P-SA19530A001300,p415640,,SICK API khong co image URL
2026-05-11T18:59:43.826Z,NO_IMAGE,deTec,C4P-SA16510A001100_C4P-EA16510A001100,p415937,,SICK API khong co image URL
2026-05-11T18:59:45.962Z,NO_IMAGE,deTec,C4P-SA09010A001100,p415568,,SICK API khong co image URL
2026-05-11T18:59:47.713Z,NO_IMAGE,deTec,C4P-SA07510A001100_C4P-EA07510A001100,p415931,,SICK API khong co image URL
2026-05-11T18:59:52.015Z,NO_IMAGE,deTec,C4P-SA19510A001000,p415549,,SICK API khong co image URL
2026-05-11T18:59:53.747Z,NO_IMAGE,deTec,C4P-SA19530A00,p415770,,SICK API khong co image URL
2026-05-11T18:59:58.299Z,NO_IMAGE,deTec,C4P-SA16530A001000,p415560,,SICK API khong co image URL
2026-05-11T19:00:00.684Z,NO_IMAGE,deTec,C4P-SA03010A001100_C4P-EA03010A001100,p415928,,SICK API khong co image URL
2026-05-11T19:00:02.417Z,NO_IMAGE,deTec,C4P-SA13510A00,p415753,,SICK API khong co image URL
2026-05-11T19:00:09.595Z,NO_IMAGE,deTec,C4P-SA10530A001200,p415608,,SICK API khong co image URL
2026-05-11T19:00:12.053Z,NO_IMAGE,deTec,C4P-PA04530A001300,p595803,,SICK API khong co image URL
2026-05-11T19:00:14.105Z,NO_IMAGE,deTec,C4P-SA15030A001100_C4P-EA15030A001100,p415949,,SICK API khong co image URL
2026-05-11T19:00:15.882Z,NO_IMAGE,deTec,C4P-SA07510A001200,p415593,,SICK API khong co image URL
2026-05-11T19:00:21.205Z,NO_IMAGE,deTec,C4P-SA13510A001300_C4P-EA13510A001300,p415987,,SICK API khong co image URL
2026-05-11T19:00:25.683Z,NO_IMAGE,deTec,C4P-PA19530A001100,p595787,,SICK API khong co image URL
2026-05-11T19:00:27.195Z,NO_IMAGE,deTec,C4P-SA03010A001000,p415538,,SICK API khong co image URL
2026-05-11T19:00:32.220Z,NO_IMAGE,deTec,C4P-SA15010A001200,p415598,,SICK API khong co image URL
2026-05-11T19:00:43.626Z,NO_IMAGE,deTec,C4P-SA16530A001100,p415586,,SICK API khong co image URL
2026-05-11T19:01:02.889Z,NO_IMAGE,deTec,C4P-PA13530A001100,p595783,,SICK API khong co image URL
2026-05-11T19:01:04.796Z,NO_IMAGE,deTec,C4P-SA18030A001100,p415587,,SICK API khong co image URL
2026-05-11T19:01:17.366Z,NO_IMAGE,deTec,C4P-SA16530A001300,p415638,,SICK API khong co image URL
2026-05-11T19:01:28.527Z,NO_IMAGE,deTec,C4P-SA21030A001200,p415615,,SICK API khong co image URL
2026-05-11T19:01:39.846Z,NO_IMAGE,deTec,C4P-PA06030A001300,p595804,,SICK API khong co image URL
2026-05-11T19:01:42.250Z,NO_IMAGE,deTec,C4P-SA07530A001300_C4P-EA07530A001300,p415996,,SICK API khong co image URL
2026-05-11T19:01:44.501Z,NO_IMAGE,deTec,C4P-SA03030A00,p415759,,SICK API khong co image URL
2026-05-11T19:01:46.294Z,NO_IMAGE,deTec,C4P-SA09010A001300_C4P-EA09010A001300,p415984,,SICK API khong co image URL
2026-05-11T19:01:48.075Z,NO_IMAGE,deTec,C4P-PA15030A001300,p595810,,SICK API khong co image URL
2026-05-11T19:01:49.849Z,NO_IMAGE,deTec,C4P-SA04530A001000,p415552,,SICK API khong co image URL
2026-05-11T19:01:51.781Z,NO_IMAGE,deTec,C4P-PA18010A001300,p595760,,SICK API khong co image URL
2026-05-11T19:01:53.306Z,NO_IMAGE,deTec,C4P-SA18010A001200,p415600,,SICK API khong co image URL
2026-05-11T19:01:57.536Z,NO_IMAGE,deTec,C4P-SA12030A001300,p415635,,SICK API khong co image URL
2026-05-11T19:01:59.382Z,NO_IMAGE,deTec,C4P-PA07530A001100,p595779,,SICK API khong co image URL
2026-05-11T19:02:01.613Z,NO_IMAGE,deTec,C4P-PA21030A001100,p595788,,SICK API khong co image URL
2026-05-11T19:02:05.996Z,NO_IMAGE,deTec,C4P-SA07530A001100_C4P-EA07530A001100,p415944,,SICK API khong co image URL
2026-05-11T19:02:17.812Z,NO_IMAGE,deTec,C4P-PA18010A001100,p595734,,SICK API khong co image URL
2026-05-11T19:02:19.330Z,NO_IMAGE,deTec,C4P-SA09010A001200,p415594,,SICK API khong co image URL
2026-05-11T19:02:26.590Z,NO_IMAGE,deTec,C4P-PA16530A001300,p595811,,SICK API khong co image URL
2026-05-11T19:02:29.306Z,NO_IMAGE,deTec,C4P-SA16510A001000,p415547,,SICK API khong co image URL
2026-05-11T19:02:36.638Z,NO_IMAGE,deTec,C4P-SA04510A001300_C4P-EA04510A001300,p415981,,SICK API khong co image URL
2026-05-11T19:02:39.007Z,NO_IMAGE,deTec,C4P-PA06010A001300,p595752,,SICK API khong co image URL
2026-05-11T19:02:50.730Z,NO_IMAGE,deTec,C4P-PA16510A001300,p595759,,SICK API khong co image URL
2026-05-11T19:02:55.485Z,NO_IMAGE,deTec,C4P-SA13530A001100,p415584,,SICK API khong co image URL
2026-05-11T19:03:10.158Z,NO_IMAGE,deTec,C4P-SA15030A001000,p415559,,SICK API khong co image URL
2026-05-11T19:03:18.039Z,NO_IMAGE,deTec,C4P-SA04510A001100_C4P-EA04510A001100,p415929,,SICK API khong co image URL
2026-05-11T19:03:22.451Z,NO_IMAGE,deTec,C4P-PA10530A001100,p595781,,SICK API khong co image URL
2026-05-11T19:03:30.325Z,NO_IMAGE,deTec,C4P-SA12010A001000,p415544,,SICK API khong co image URL
2026-05-11T19:03:35.501Z,NO_IMAGE,deTec,C4P-SA04530A001200,p415604,,SICK API khong co image URL
2026-05-11T19:03:40.860Z,NO_IMAGE,deTec,C4P-SA06010A001300,p415618,,SICK API khong co image URL
2026-05-11T19:03:43.001Z,NO_IMAGE,deTec,C4P-PA09030A001100,p595780,,SICK API khong co image URL
2026-05-11T19:03:47.500Z,NO_IMAGE,deTec,C4P-PA18030A001100,p595786,,SICK API khong co image URL
2026-05-11T19:03:50.030Z,NO_IMAGE,deTec,C4P-PA12030A001100,p595782,,SICK API khong co image URL
2026-05-11T19:04:00.712Z,NO_IMAGE,deTec,C4P-PA16510A001100,p595733,,SICK API khong co image URL
2026-05-11T19:04:05.281Z,NO_IMAGE,deTec,C4P-PA04530A001100,p595777,,SICK API khong co image URL
2026-05-11T19:04:07.290Z,NO_IMAGE,deTec,C4P-SA15010A001100_C4P-EA15010A001100,p415936,,SICK API khong co image URL
2026-05-11T19:04:09.661Z,NO_IMAGE,deTec,C4P-SA16530A001300_C4P-EA16530A001300,p416002,,SICK API khong co image URL
2026-05-11T19:04:11.259Z,NO_IMAGE,deTec,C4P-SA21010A001300_C4P-EA21010A001300,p415992,,SICK API khong co image URL
2026-05-11T19:04:13.190Z,NO_IMAGE,deTec,C4P-SA13510A001000,p415545,,SICK API khong co image URL
2026-05-11T19:04:18.515Z,NO_IMAGE,deTec,C4P-SA19530A001300_C4P-EA19530A001300,p416004,,SICK API khong co image URL
2026-05-11T19:04:23.390Z,NO_IMAGE,deTec,C4P-SA03030A001100_C4P-EA03030A001100,p415941,,SICK API khong co image URL
2026-05-11T19:04:28.911Z,NO_IMAGE,deTec,C4P-SA16510A00,p415755,,SICK API khong co image URL
2026-05-11T19:04:34.829Z,NO_IMAGE,deTec,C4P-SA15030A001200,p415611,,SICK API khong co image URL
2026-05-11T19:04:51.185Z,NO_IMAGE,deTec,C4P-SA09030A001100_C4P-EA09030A001100,p415945,,SICK API khong co image URL
2026-05-11T19:04:52.792Z,NO_IMAGE,deTec,C4P-SA19510A001100_C4P-EA19510A001100,p415939,,SICK API khong co image URL
2026-05-11T19:05:01.047Z,NO_IMAGE,deTec,C4P-SA04530A001300,p415630,,SICK API khong co image URL
2026-05-11T19:05:05.711Z,NO_IMAGE,deTec,C4P-SA15030A00,p415767,,SICK API khong co image URL
2026-05-11T19:05:07.739Z,NO_IMAGE,deTec,C4P-PA06030A001100,p595778,,SICK API khong co image URL
2026-05-11T19:05:12.141Z,NO_IMAGE,deTec,C4P-SA18010A001000,p415548,,SICK API khong co image URL
2026-05-11T19:05:16.781Z,NO_IMAGE,deTec,C4P-PA03030A001300,p595802,,SICK API khong co image URL
2026-05-11T19:05:37.342Z,NO_IMAGE,deTec,C4P-SA16510A001200,p415599,,SICK API khong co image URL
2026-05-11T19:05:45.305Z,NO_IMAGE,deTec,C4P-SA10510A001300,p415621,,SICK API khong co image URL
2026-05-11T19:06:01.241Z,NO_IMAGE,deTec,C4P-SA13510A001300,p415623,,SICK API khong co image URL
2026-05-11T19:06:03.163Z,NO_IMAGE,deTec,C4P-PA21010A001100,p595736,,SICK API khong co image URL
2026-05-11T19:06:07.274Z,NO_IMAGE,deTec,C4P-PA10510A001300,p595755,,SICK API khong co image URL
2026-05-11T20:07:14.206Z,NO_IMAGE,Safe Entry Exit,SYS_SEE-FX004020101FX3,p664195,,SICK API khong co image URL
2026-05-11T20:07:15.349Z,NO_IMAGE,Safe Entry Exit,SOW_SEE-FX00402010,p664194,,SICK API khong co image URL
2026-05-11T20:59:44.380Z,DOWNLOAD_FAIL,PBT,PBT-RB040SG1SENVMC0Z,p308947,https://cdn.sick.com/media/pim/9/59/459/IM0094459.png,downloadAndWatermark khong tao file
2026-05-11T21:00:14.235Z,DOWNLOAD_FAIL,PBT,PBT-RB010SN1SE0U5A0Z,p308961,https://cdn.sick.com/media/pim/9/59/459/IM0094459.png,downloadAndWatermark khong tao file
2026-05-12T00:02:27.110Z,DOWNLOAD_FAIL,PBT,PBT-RB060SG1SSNV2C0Z,p244303,https://cdn.sick.com/media/pim/9/59/459/IM0094459.png,downloadAndWatermark khong tao file
2026-05-12T02:55:17.189Z,DOWNLOAD_FAIL,TCT,TCT-2PBG10503MZ,p681237,https://cdn.sick.com/media/pim/1/31/031/IM0101031.png,downloadAndWatermark khong tao file
2026-05-12T04:35:07.270Z,DOWNLOAD_FAIL,LFV200,LFV230-XASGBTPV0700,p658119,https://cdn.sick.com/media/pim/3/43/743/IM0035743.png,downloadAndWatermark khong tao file
2026-05-12T05:03:48.952Z,DOWNLOAD_FAIL,LFP Cubic,LFP0240-A4NMB,p572898,https://cdn.sick.com/media/pim/3/03/103/IM0042103.png,downloadAndWatermark khong tao file
2026-05-12T05:04:03.479Z,DOWNLOAD_FAIL,LFP Cubic,LFP0900-B5NMC,p316176,https://cdn.sick.com/media/pim/3/03/103/IM0042103.png,downloadAndWatermark khong tao file
2026-05-12T05:04:13.273Z,DOWNLOAD_FAIL,LFP Cubic,LFP3000-E5CMC,p376149,https://cdn.sick.com/media/pim/1/41/441/IM0057441.png,downloadAndWatermark khong tao file
2026-05-12T05:05:34.080Z,DOWNLOAD_FAIL,LXRC,LXRC-1XXXGXXAAEXAX,p683110,https://cdn.sick.com/media/pim/1/11/011/IM0111011.png,downloadAndWatermark khong tao file
2026-05-12T05:05:38.858Z,DOWNLOAD_FAIL,LXRC,LXRC-1XXXJXXABMAAX,p683115,https://cdn.sick.com/media/pim/6/56/856/IM0111856.png,downloadAndWatermark khong tao file
2026-05-12T05:07:10.851Z,DOWNLOAD_FAIL,LXRC,LXRC-1XXXKXXABMAAB,p683124,https://cdn.sick.com/media/pim/6/56/856/IM0111856.png,downloadAndWatermark khong tao file
2026-05-12T05:08:04.395Z,DOWNLOAD_FAIL,LFP Inox,LFP0800-G1NMB,p208243,https://cdn.sick.com/media/pim/1/01/601/IM0047601.png,downloadAndWatermark khong tao file
2026-05-12T05:08:07.407Z,DOWNLOAD_FAIL,LFP Inox,LFP1700-G1NMB,p208253,https://cdn.sick.com/media/pim/1/01/601/IM0047601.png,downloadAndWatermark khong tao file
2026-05-12T05:35:21.028Z,DOWNLOAD_FAIL,FFU,FFUS10-1G1SR,p231740,https://cdn.sick.com/media/pim/5/25/525/IM0035525.png,downloadAndWatermark khong tao file
2026-05-12T06:24:49.967Z,DOWNLOAD_FAIL,G6,GTB6-P7441S56,p421845,https://cdn.sick.com/media/pim/2/22/122/IM0090122.png,downloadAndWatermark khong tao file
2026-05-12T06:27:16.385Z,DOWNLOAD_FAIL,G6,GLD6SP-1GE121AEZZZ,p687040,https://cdn.sick.com/media/pim/9/09/209/IM0111209.png,downloadAndWatermark khong tao file
2026-05-12T06:27:41.660Z,DOWNLOAD_FAIL,G6,GL6-N0111S12,p298150,https://cdn.sick.com/media/pim/7/67/167/IM0100167.png,downloadAndWatermark khong tao file
2026-05-12T06:31:11.339Z,DOWNLOAD_FAIL,G6,GTE6-F7431V,p592657,https://cdn.sick.com/media/pim/3/63/463/IM0075463.png,downloadAndWatermark khong tao file
2026-05-12T10:49:19.466Z,DOWNLOAD_FAIL,H18 Sure Sense,HTE18-G4A2AB,p398755,https://cdn.sick.com/media/pim/1/91/991/IM0081991.png,downloadAndWatermark khong tao file
2026-05-12T13:00:18.838Z,DOWNLOAD_FAIL,PBT,PBT-AP030AN1SE0ALA0H,p671213,https://cdn.sick.com/media/pim/9/59/459/IM0094459.png,downloadAndWatermark khong tao file
2026-05-12T13:01:58.872Z,DOWNLOAD_FAIL,PBT,PBT-RB1K0SG4SSSAMA0G,p677651,https://cdn.sick.com/media/pim/9/59/459/IM0094459.png,downloadAndWatermark khong tao file
2026-05-12T14:01:24.058Z,DOWNLOAD_FAIL,PBS plus,PBS2-RB1X6SG1SSDLMA0Z,p654435,https://cdn.sick.com/media/pim/5/35/735/IM0085735.png,downloadAndWatermark khong tao file
2026-05-12T14:01:50.173Z,DOWNLOAD_FAIL,PBS plus,PBS2-RB2X5SN1SS0LMA0Z,p657166,https://cdn.sick.com/media/pim/5/35/735/IM0085735.png,downloadAndWatermark khong tao file
2026-05-12T18:20:16.407Z,DOWNLOAD_FAIL,IME,IME12-04BNSZC0S,p228479,https://cdn.sick.com/media/pim/0/50/250/IM0066250.png,downloadAndWatermark khong tao file
2026-05-12T21:25:41.245Z,DOWNLOAD_FAIL,MLG-2,MLG10N-0890N10501,p485349,https://cdn.sick.com/media/pim/2/42/642/IM0061642.png,downloadAndWatermark khong tao file
2026-05-13T00:49:33.573Z,DOWNLOAD_FAIL,Sensor-actuator cables,YF2L15-050UH1XLEAX,p582546,https://cdn.sick.com/media/pim/5/25/025/IM0079025.png,downloadAndWatermark khong tao file
2026-05-13T02:33:42.607Z,DOWNLOAD_FAIL,Acceptance services,Validation_of_functional_safety,p360573,https://cdn.sick.com/media/pim/6/46/046/IM0102046.jpg,downloadAndWatermark khong tao file
2026-05-13T03:05:05.027Z,NO_IMAGE,IDM,IDM140BT_RS-232_Kit,p168842,,SICK API khong co image URL
2026-05-13T03:06:06.955Z,NO_IMAGE,IDM,IDM140PDF_BT_PS_2_Kit,p168843,,SICK API khong co image URL
2026-05-13T03:06:26.892Z,NO_IMAGE,IDM,IDM140BT_Charging_Kit,p245343,,SICK API khong co image URL
2026-05-13T03:06:28.678Z,NO_IMAGE,IDM,IDM140PDF_BT_RS-232_Kit,p168845,,SICK API khong co image URL
2026-05-13T03:07:44.059Z,NO_IMAGE,IDM,IDM140BT_USB_Kit,p168841,,SICK API khong co image URL
2026-05-13T03:08:45.200Z,NO_IMAGE,IDM,IDM140BT_PS_2_Kit,p168840,,SICK API khong co image URL
2026-05-13T03:09:35.369Z,NO_IMAGE,IDM,IDM140PDF_BT_Charging_Kit,p245341,,SICK API khong co image URL
2026-05-13T03:10:32.053Z,NO_IMAGE,IDM,IDM140PDF_BT_USB_Kit,p168844,,SICK API khong co image URL
2026-05-13T03:19:56.717Z,DOWNLOAD_FAIL,CLV63x,CLV630-0121S01,p539352,https://cdn.sick.com/media/pim/0/50/250/IM0024250.png,downloadAndWatermark khong tao file
2026-05-13T04:32:43.687Z,DOWNLOAD_FAIL,DME4000,DME4000-119,p204073,https://cdn.sick.com/media/pim/3/73/773/IM0022773.png,downloadAndWatermark khong tao file
2026-05-13T04:32:46.634Z,DOWNLOAD_FAIL,DME4000,DME4000-111,p204040,https://cdn.sick.com/media/pim/3/73/773/IM0022773.png,downloadAndWatermark khong tao file
2026-05-13T05:49:40.569Z,DOWNLOAD_FAIL,Front screens and front screen protection,Protective_screen,p329759,https://cdn.sick.com/media/pim/2/22/722/IM0048722.png,downloadAndWatermark khong tao file
2026-05-13T09:24:16.099Z,NO_IMAGE,SRS/SRM50,SRS50-HZA0-S21,p642894,,SICK API khong co image URL
2026-05-13T09:24:18.442Z,NO_IMAGE,SRS/SRM50,SRM50-HSA0-S21,p642988,,SICK API khong co image URL
2026-05-13T09:24:21.281Z,NO_IMAGE,SRS/SRM50,SRS50-HFZ0-S42,p457644,,SICK API khong co image URL
2026-05-13T09:24:27.941Z,NO_IMAGE,SRS/SRM50,SRS50-HGV0-S24,p664254,,SICK API khong co image URL
2026-05-13T09:24:30.476Z,NO_IMAGE,SRS/SRM50,SRM50-HZA0-S33,p643033,,SICK API khong co image URL
2026-05-13T09:24:32.901Z,NO_IMAGE,SRS/SRM50,SRM50-HZA0-S34,p652808,,SICK API khong co image URL
2026-05-13T09:24:36.058Z,NO_IMAGE,SRS/SRM50,SRS50-HZA0-S47,p502245,,SICK API khong co image URL
2026-05-13T09:24:45.115Z,NO_IMAGE,SRS/SRM50,SRM50-HGV0-S23,p664248,,SICK API khong co image URL
2026-05-13T09:25:45.209Z,NO_IMAGE,SKS/SKM36,SKM36-HFA00S06,p656084,,SICK API khong co image URL
2026-05-13T09:26:00.966Z,NO_IMAGE,SKS/SKM36,SKM36-HFA00S10,p418845,,SICK API khong co image URL
2026-05-13T09:26:59.148Z,NO_IMAGE,EKS/EKM36,EKS36-0JF0A0S04,p446346,,SICK API khong co image URL
2026-05-13T09:27:08.382Z,NO_IMAGE,EKS/EKM36,EKM36-0JF0A0S20,p672085,,SICK API khong co image URL
2026-05-13T09:27:19.813Z,NO_IMAGE,EKS/EKM36,EKS36-0JF0A0S20,p672084,,SICK API khong co image URL
2026-05-13T09:27:22.041Z,NO_IMAGE,EKS/EKM36,EKM36-0JF0A0S04,p446545,,SICK API khong co image URL
2026-05-13T09:27:26.764Z,NO_IMAGE,EKS/EKM36,EKS36-0KF0B0S06,p562990,,SICK API khong co image URL
2026-05-13T09:27:29.112Z,NO_IMAGE,EKS/EKM36,EKS36-0KF0A0S17,p457745,,SICK API khong co image URL
2026-05-13T09:27:30.964Z,NO_IMAGE,EKS/EKM36,EKM36-0KF0A0S17,p457744,,SICK API khong co image URL
2026-05-13T09:34:01.760Z,NO_IMAGE,DGS80/90,DGS80-S02_Sales_kit,p677774,,SICK API khong co image URL
2026-05-13T09:34:21.790Z,NO_IMAGE,DGS80/90,DGS80-S01_Sales_kit,p677770,,SICK API khong co image URL
2026-05-13T09:39:14.250Z,NO_IMAGE,DGS80/90,DGS80B-TSHZ02048S04,p685398,,SICK API khong co image URL
2026-05-13T09:39:16.590Z,NO_IMAGE,DGS80/90,DGS80B-TSHZ01024S04,p685396,,SICK API khong co image URL
2026-05-13T09:39:19.166Z,NO_IMAGE,DGS80/90,DGS80B-TSLZ00S02,p676228,,SICK API khong co image URL
2026-05-13T09:39:22.034Z,NO_IMAGE,DGS80/90,DGS80B-TSLZ00S01,p674876,,SICK API khong co image URL
2026-05-13T13:40:10.799Z,DOWNLOAD_FAIL,DFS60,DFS60A-BAUA04096,p404593,https://cdn.sick.com/media/pim/2/62/462/IM0024462.png,downloadAndWatermark khong tao file
2026-05-13T16:12:19.092Z,DOWNLOAD_FAIL,DBS60,DBS60E-BJAKC1024,p386829,https://cdn.sick.com/media/pim/2/22/322/IM0055322.png,downloadAndWatermark khong tao file
2026-05-13T16:13:23.969Z,DOWNLOAD_FAIL,DBS60,DBS60E-B6FPD1024,p386561,https://cdn.sick.com/media/pim/8/28/328/IM0055328.png,downloadAndWatermark khong tao file
2026-05-13T16:19:31.444Z,DOWNLOAD_FAIL,DBS60,DBS60E-R7EQD1024,p387871,https://cdn.sick.com/media/pim/1/31/831/IM0060831.png,downloadAndWatermark khong tao file
2026-05-13T16:42:56.887Z,DOWNLOAD_FAIL,DBS60,DBS60E-R6EPD1024,p387841,https://cdn.sick.com/media/pim/1/31/831/IM0060831.png,downloadAndWatermark khong tao file
2026-05-13T16:50:15.928Z,DOWNLOAD_FAIL,DBS60,DBS60E-TDCAD1024,p388525,https://cdn.sick.com/media/pim/9/09/309/IM0055309.png,downloadAndWatermark khong tao file
2026-05-13T22:49:47.153Z,NO_IMAGE,AHS/AHM36,AHM36A-BKPK000S11,p675681,,SICK API khong co image URL
2026-05-13T22:49:50.333Z,NO_IMAGE,AHS/AHM36,AHM36I-SCPC000S01,p675096,,SICK API khong co image URL
2026-05-13T22:49:52.726Z,NO_IMAGE,AHS/AHM36,AHM36A-BKPZ000S10,p675584,,SICK API khong co image URL
2026-05-13T22:50:02.071Z,NO_IMAGE,AHS/AHM36,AHM36A-S3CC000S17,p557745,,SICK API khong co image URL
2026-05-13T22:50:04.718Z,NO_IMAGE,AHS/AHM36,AHM36B-BACC000S01,p680451,,SICK API khong co image URL
2026-05-13T22:50:18.364Z,NO_IMAGE,AHS/AHM36,AHM36A-BAPZ000S10,p675579,,SICK API khong co image URL
2026-05-13T22:50:30.075Z,NO_IMAGE,AHS/AHM36,AHM36A-SCPZ000S10,p675570,,SICK API khong co image URL
2026-05-13T22:50:37.146Z,NO_IMAGE,AHS/AHM36,AHM36A-SCPZ000S13,p675634,,SICK API khong co image URL
2026-05-13T22:50:39.706Z,NO_IMAGE,AHS/AHM36,AHM36A-BAPK000S11,p675680,,SICK API khong co image URL
2026-05-13T22:50:42.041Z,NO_IMAGE,AHS/AHM36,AHM36A-S3CC000S04,p499262,,SICK API khong co image URL
2026-05-13T22:51:14.825Z,NO_IMAGE,AHS/AHM36,AHM36A-SCPZ000S14,p678560,,SICK API khong co image URL
2026-05-13T22:51:21.432Z,NO_IMAGE,AHS/AHM36,AHM36A-SCPZ000S12,p675567,,SICK API khong co image URL
2026-05-13T22:51:24.495Z,NO_IMAGE,AHS/AHM36,AHM36A-SCPZ000S11,p675682,,SICK API khong co image URL
2026-05-13T22:51:26.853Z,NO_IMAGE,AHS/AHM36,AHM36A-S3CC000S18,p557744,,SICK API khong co image URL
2026-05-13T22:51:33.803Z,NO_IMAGE,AHS/AHM36,AHM36A-SCCC000S11,p676987,,SICK API khong co image URL
2026-05-13T22:52:06.980Z,NO_IMAGE,AHS/AHM36,AHM36A-S3PZ000S24,p678436,,SICK API khong co image URL
2026-05-13T22:52:12.392Z,NO_IMAGE,AHS/AHM36,AHM36A-BDPC000S14,p470471,,SICK API khong co image URL
2026-05-13T22:52:15.130Z,NO_IMAGE,AHS/AHM36,AHM36A-SCPC000S11,p470444,,SICK API khong co image URL
2026-05-13T22:52:17.315Z,NO_IMAGE,AHS/AHM36,AHM36A-BBPC000S13,p470446,,SICK API khong co image URL
2026-05-13T22:52:27.428Z,NO_IMAGE,AHS/AHM36,AHM36A-BDCC000S09,p416415,,SICK API khong co image URL
2026-05-13T22:52:29.914Z,NO_IMAGE,AHS/AHM36,AHM36A-S3PC000S12,p470445,,SICK API khong co image URL
2026-05-14T00:47:10.864Z,DOWNLOAD_FAIL,AFS/AFM60 Ethernet,AFM60A-S1EB_Sales-Kit_03,p313367,https://cdn.sick.com/media/pim/6/66/066/IM0044066.png,downloadAndWatermark khong tao file
2026-05-14T03:31:41.269Z,NO_IMAGE,MAX,MAX48A-12D01T10052,p664885,,SICK API khong co image URL
2026-05-14T03:37:25.909Z,NO_IMAGE,MAX,MAX48A-32C01812215,p673349,,SICK API khong co image URL
2026-05-14T03:40:19.380Z,NO_IMAGE,MAX,MAX48A-12C01TV0270,p664835,,SICK API khong co image URL
2026-05-14T03:43:40.050Z,NO_IMAGE,MAX,MAX48A-12C11T60100,p664880,,SICK API khong co image URL
2026-05-14T04:03:44.936Z,NO_IMAGE,MAX,MAX48A-12JFDT20240,p664836,,SICK API khong co image URL
